image,label,x,y,width,height
Rider_pictures/image (7).jpg,1,0.36363636363636365,0.5792349726775956,0.33090909090909093,0.7213114754098361
Rider_pictures/image (7).jpg,2,0.36727272727272725,0.31693989071038253,0.12363636363636364,0.5683060109289617
Rider_pictures/image (7).jpg,1,0.8618181818181818,0.5573770491803278,0.16363636363636364,0.4426229508196721
Rider_pictures/image (7).jpg,1,0.6763636363636364,0.5737704918032787,0.15272727272727274,0.5300546448087432
Rider_pictures/image (7).jpg,2,0.8763636363636363,0.4262295081967213,0.07636363636363637,0.31693989071038253
Rider_pictures/image (7).jpg,2,0.6727272727272727,0.43169398907103823,0.11272727272727273,0.3825136612021858
