image,label,x,y,width,height
Rider_pictures/image (13).jpg,1,0.4290909090909091,0.6557377049180327,0.6363636363636364,0.6885245901639344
Rider_pictures/image (13).jpg,2,0.46545454545454545,0.33879781420765026,0.12727272727272726,0.5846994535519126
