image,label,x,y,width,height
additional_Images/Rider_picturesimage (26).jpg,1,0.5134228187919463,0.591715976331361,0.3087248322147651,0.8047337278106509
additional_Images/Rider_picturesimage (26).jpg,2,0.540268456375839,0.31952662721893493,0.20134228187919462,0.6449704142011834
additional_Images/Rider_picturesimage (26).jpg,1,0.15771812080536912,0.5384615384615384,0.15100671140939598,0.4437869822485207
additional_Images/Rider_picturesimage (26).jpg,1,0.3724832214765101,0.5798816568047337,0.19798657718120805,0.6390532544378699
additional_Images/Rider_picturesimage (26).jpg,2,0.16778523489932887,0.4260355029585799,0.08053691275167785,0.34911242603550297
additional_Images/Rider_picturesimage (26).jpg,2,0.37583892617449666,0.3905325443786982,0.12080536912751678,0.44970414201183434
