image,label,x,y,width,height
Rider_pictures/image (8).jpg,2,0.43272727272727274,0.453551912568306,0.12727272727272726,0.546448087431694
Rider_pictures/image (8).jpg,1,0.44909090909090908,0.576502732240437165,0.52363636363636367,0.811475409836065575