image,label,x,y,width,height
additional_Images/Rider_picturesimage (16).jpg,1,0.5854545454545454,0.5409836065573771,0.4290909090909091,0.546448087431694
additional_Images/Rider_picturesimage (16).jpg,1,0.24363636363636362,0.5573770491803278,0.2727272727272727,0.6120218579234973
additional_Images/Rider_picturesimage (16).jpg,2,0.5563636363636364,0.39344262295081966,0.10545454545454545,0.3825136612021858
additional_Images/Rider_picturesimage (16).jpg,2,0.2109090909090909,0.3825136612021858,0.09818181818181818,0.453551912568306
