image,label,x,y,width,height
Rider_pictures/image (10).jpg,1,0.6,0.6174863387978142,0.36,0.6939890710382514
Rider_pictures/image (10).jpg,2,0.5490909090909091,0.31693989071038253,0.18181818181818182,0.6120218579234973
