image,label,x,y,width,height
Rider_pictures/image (40).jpg,2,0.43636363636363634,0.32786885245901637,0.1781818181818182,0.6502732240437158
Rider_pictures/image (40).jpg,1,0.4109090909090909,0.6338797814207651,0.7490909090909091,0.73224043715847
