image,label,x,y,width,height
additional_Images/Rider_picturesimage (33).jpg,2,0.4831932773109244,0.3333333333333333,0.23529411764705882,0.6666666666666666
additional_Images/Rider_picturesimage (33).jpg,1,0.6008403361344538,0.5660377358490566,0.7394957983193278,0.6792452830188679
