image,label,x,y,width,height
Rider_pictures/image (9).jpg,1,0.6126760563380281,0.5480225988700564,0.44014084507042256,0.8022598870056498
Rider_pictures/image (9).jpg,2,0.6302816901408451,0.3050847457627119,0.13028169014084506,0.615819209039548
