image,label,x,y,width,height
Rider_pictures/image (2).jpg,1,0.45353159851301117,0.6149732620320856,0.35315985130111527,0.5721925133689839
Rider_pictures/image (2).jpg,2,0.46096654275092935,0.34759358288770054,0.1449814126394052,0.5454545454545454

