image,label,x,y,width,height
additional_Images/Rider_picturesimage (32).jpg,2,0.440625,0.2974683544303797,0.14375,0.5253164556962026
additional_Images/Rider_picturesimage (32).jpg,1,0.384375,0.5253164556962026,0.40625,0.5126582278481012
