image,label,x,y,width,height
additional_Images/Rider_picturesimage (14).jpg,1,0.6836363636363636,0.6284153005464481,0.18545454545454546,0.5300546448087432
additional_Images/Rider_picturesimage (14).jpg,1,0.44,0.6502732240437158,0.16363636363636364,0.5136612021857924
additional_Images/Rider_picturesimage (14).jpg,2,0.44363636363636366,0.4808743169398907,0.14545454545454545,0.4371584699453552
additional_Images/Rider_picturesimage (14).jpg,2,0.6981818181818182,0.43169398907103823,0.18545454545454546,0.5792349726775956
