image,label,x,y,width,height
Rider_pictures/image (39).jpg,1,0.5637860082304527,0.6473429951690821,0.8683127572016461,0.7004830917874396
Rider_pictures/image (39).jpg,2,0.49382716049382713,0.357487922705314,0.2139917695473251,0.5072463768115942
