image,label,x,y,width,height
additional_Images/Rider_picturesimage (15).jpg,1,0.7327044025157232,0.6226415094339622,0.24842767295597484,0.46540880503144655
additional_Images/Rider_picturesimage (15).jpg,1,0.5283018867924528,0.610062893081761,0.22012578616352202,0.5723270440251572
additional_Images/Rider_picturesimage (15).jpg,1,0.2641509433962264,0.5471698113207547,0.16352201257861634,0.4276729559748428
additional_Images/Rider_picturesimage (15).jpg,2,0.5283018867924528,0.44025157232704404,0.08490566037735849,0.48427672955974843
additional_Images/Rider_picturesimage (15).jpg,2,0.27672955974842767,0.4088050314465409,0.08176100628930817,0.4276729559748428
additional_Images/Rider_picturesimage (15).jpg,2,0.7389937106918238,0.48427672955974843,0.08176100628930817,0.3710691823899371
