image,label,x,y,width,height
additional_Images/Rider_picturesimage (31).jpg,1,0.4727272727272727,0.5355191256830601,0.5054545454545455,0.6939890710382514
additional_Images/Rider_picturesimage (31).jpg,2,0.44363636363636366,0.32786885245901637,0.16363636363636364,0.5300546448087432
