image,label,x,y,width,height
Rider_pictures/image.jpg,1,0.6231884057971014,0.6174863387978142,0.6014492753623188,0.7650273224043715
Rider_pictures/image.jpg,2,0.5797101449275363,0.31693989071038253,0.14492753623188406,0.6010928961748634
