image,label,x,y,width,height
original_annotiations/image (12).jpg,1,0.6076388888888888,0.6057142857142858,0.625,0.72
original_annotiations/image (12).jpg,2,0.5347222222222222,0.30857142857142855,0.1701388888888889,0.44571428571428573
