image,label,x,y,width,height
Rider_pictures/image (36).jpg,2,0.51,0.30357142857142855,0.11,0.48214285714285715
Rider_pictures/image (36).jpg,1,0.49,0.5238095238095238,0.37333333333333335,0.5595238095238095
