image,label,x,y,width,height
Rider_pictures/image (1).jpg,1,0.3881118881118881,0.6022727272727273,0.6608391608391608,0.7215909090909091
Rider_pictures/image (1).jpg,2,0.4405594405594406,0.3693181818181818,0.13636363636363635,0.5681818181818182
