image,label,x,y,width,height
additional_Images/Rider_picturesimage (30).jpg,1,0.33444816053511706,0.6785714285714286,0.5451505016722408,0.6428571428571429
additional_Images/Rider_picturesimage (30).jpg,2,0.31438127090301005,0.40476190476190477,0.1505016722408027,0.4880952380952381
