image,label,x,y,width,height
Rider_pictures/image (4).jpg,1,0.46545454545454545,0.5846994535519126,0.68,0.7377049180327869
Rider_pictures/image (4).jpg,2,0.5018181818181818,0.3005464480874317,0.14909090909090908,0.6010928961748634
