image,label,x,y,width,height
additional_Images/Rider_picturesimage (34).jpg,1,0.43333333333333335,0.5240641711229946,0.5074074074074074,0.7058823529411765
additional_Images/Rider_picturesimage (34).jpg,2,0.5518518518518518,0.2620320855614973,0.1814814814814815,0.4919786096256685
