image,label,x,y,width,height
additional_Images/Rider_picturesimage (20).jpg,1,0.4885057471264368,0.5586206896551724,0.29310344827586204,0.6137931034482759
additional_Images/Rider_picturesimage (20).jpg,1,0.15229885057471265,0.5517241379310345,0.22988505747126436,0.46206896551724136
additional_Images/Rider_picturesimage (20).jpg,1,0.7701149425287356,0.5724137931034483,0.27011494252873564,0.7241379310344828
additional_Images/Rider_picturesimage (20).jpg,2,0.47413793103448276,0.3586206896551724,0.07471264367816093,0.4482758620689655
additional_Images/Rider_picturesimage (20).jpg,2,0.15229885057471265,0.36551724137931035,0.05747126436781609,0.35172413793103446
additional_Images/Rider_picturesimage (20).jpg,2,0.7701149425287356,0.27586206896551724,0.07758620689655173,0.4068965517241379
