image,label,x,y,width,height
additional_Images/Rider_picturesimage (21).jpg,2,0.5725490196078431,0.350253807106599,0.1568627450980392,0.233502538071066
additional_Images/Rider_picturesimage (21).jpg,1,0.56666666666666667,0.520304568527918775,0.48941176470588232,0.596954314720812152