image,label,x,y,width,height
Rider_pictures/image (6).jpg,1,0.5381818181818182,0.5355191256830601,0.38181818181818183,0.47540983606557374
Rider_pictures/image (6).jpg,2,0.5418181818181819,0.3442622950819672,0.13090909090909092,0.45901639344262296
