image,label,x,y,width,height
additional_Images/Rider_picturesimage (28).jpg,1,0.573943661971831,0.6892655367231638,0.20774647887323944,0.3672316384180791
additional_Images/Rider_picturesimage (28).jpg,2,0.45422535211267606,0.5028248587570622,0.1056338028169014,0.3785310734463277
additional_Images/Rider_picturesimage (28).jpg,1,0.44366197183098594,0.6779661016949152,0.14788732394366197,0.4350282485875706
additional_Images/Rider_picturesimage (28).jpg,2,0.5563380281690141,0.5536723163841808,0.07394366197183098,0.3163841807909605
