image,label,x,y,width,height
additional_Images/Rider_picturesimage (29).jpg,1,0.45454545454545453,0.6030150753768844,0.5968379446640316,0.7135678391959799
additional_Images/Rider_picturesimage (29).jpg,2,0.45454545454545453,0.37185929648241206,0.25691699604743085,0.628140703517588
