image,label,x,y,width,height
Rider_pictures/image (11).jpg,1,0.6363636363636364,0.5846994535519126,0.4727272727272727,0.47540983606557374
Rider_pictures/image (11).jpg,2,0.6363636363636364,0.3551912568306011,0.12,0.4918032786885246
