image,label,x,y,width,height
additional_Images/Rider_picturesimage (23).jpg,2,0.620817843866171,0.3776595744680851,0.137546468401487,0.5
additional_Images/Rider_picturesimage (23).jpg,1,0.6394052044609665,0.6170212765957447,0.4312267657992565,0.5691489361702128
