image,label,x,y,width,height
original_annotiations/image (37).jpg,1,0.31333333333333335,0.5952380952380952,0.3566666666666667,0.6071428571428571
original_annotiations/image (37).jpg,2,0.4,0.5,0.2,0.5
