image,label,x,y,width,height
Rider_pictures/image (38).jpg,1,0.37407407407407406,0.5508021390374331,0.5703703703703704,0.7005347593582888
Rider_pictures/image (38).jpg,2,0.45555555555555555,0.2994652406417112,0.14074074074074075,0.44385026737967914
