image,label,x,y,width,height
additional_Images/original_annotiationsimage (35).jpg,1,0.6935483870967742,0.6225490196078431,0.38306451612903225,0.39705882352941174
additional_Images/original_annotiationsimage (35).jpg,2,0.16532258064516128,0.4803921568627451,0.29435483870967744,0.4852941176470588
