image,label,x,y,width,height
Rider_pictures/image (3).jpg,1,0.48363636363636364,0.6557377049180327,0.6072727272727273,0.6830601092896175
Rider_pictures/image (3).jpg,2,0.5418181818181819,0.3989071038251366,0.14909090909090908,0.5628415300546448
