image,label,x,y,width,height
additional_Images/original_annotiationsimage (17).jpg,1,0.3871794871794872,0.627906976744186,0.2512820512820513,0.4728682170542636
additional_Images/original_annotiationsimage (17).jpg,1,0.4846153846153846,0.5891472868217055,0.09743589743589744,0.3953488372093023
additional_Images/original_annotiationsimage (17).jpg,2,0.37948717948717947,0.5116279069767442,0.041025641025641026,0.3333333333333333
additional_Images/original_annotiationsimage (17).jpg,2,0.4461538461538462,0.4496124031007752,0.041025641025641026,0.31007751937984496
