image,label,x,y,width,height
Rider_pictures/image (5).jpg,1,0.4782608695652174,0.6284153005464481,0.4528985507246377,0.5628415300546448
Rider_pictures/image (5).jpg,2,0.5108695652173914,0.43169398907103823,0.10507246376811594,0.44808743169398907
