image,label,x,y,width,height
additional_Images/Rider_picturesimage (24).jpg,1,0.6836363636363636,0.5081967213114754,0.2872727272727273,0.31693989071038253
additional_Images/Rider_picturesimage (24).jpg,1,0.19636363636363635,0.4972677595628415,0.24363636363636362,0.273224043715847
additional_Images/Rider_picturesimage (24).jpg,2,0.20363636363636364,0.3989071038251366,0.06545454545454546,0.2185792349726776
additional_Images/Rider_picturesimage (24).jpg,2,0.6945454545454546,0.40437158469945356,0.06909090909090909,0.25136612021857924
