image,label,x,y,width,height
additional_Images/Rider_picturesimage (25).jpg,1,0.2727272727272727,0.6120218579234973,0.3490909090909091,0.7759562841530054
additional_Images/Rider_picturesimage (25).jpg,2,0.2727272727272727,0.36065573770491804,0.1781818181818182,0.5355191256830601
