image,label,x,y,width,height
additional_Images/Rider_picturesimage (22).jpg,1,0.4666666666666667,0.649746192893401,0.7843137254901961,0.6294416243654822
additional_Images/Rider_picturesimage (22).jpg,2,0.5607843137254902,0.350253807106599,0.15294117647058825,0.5482233502538071
